Commit made at Mon Oct 27 18:03:53 UTC 2025
Commit made at Tue Oct 28 06:14:28 UTC 2025
Commit made at Wed Oct 29 06:14:37 UTC 2025
Commit made at Thu Oct 30 06:13:53 UTC 2025
Commit made at Fri Oct 31 06:14:16 UTC 2025
Commit made at Sat Nov  1 06:12:28 UTC 2025
Commit made at Sun Nov  2 06:13:05 UTC 2025
Commit made at Mon Nov  3 06:15:13 UTC 2025
Commit made at Tue Nov  4 06:14:43 UTC 2025
Commit made at Wed Nov  5 06:14:51 UTC 2025
Commit made at Thu Nov  6 06:14:58 UTC 2025
Commit made at Fri Nov  7 06:14:44 UTC 2025
Commit made at Sat Nov  8 06:12:11 UTC 2025
Commit made at Sun Nov  9 06:12:50 UTC 2025
Commit made at Mon Nov 10 06:15:23 UTC 2025
Commit made at Tue Nov 11 06:15:05 UTC 2025
Commit made at Wed Nov 12 06:14:56 UTC 2025
Commit made at Thu Nov 13 06:15:19 UTC 2025
Commit made at Fri Nov 14 06:14:58 UTC 2025
Commit made at Sat Nov 15 06:12:58 UTC 2025
Commit made at Sun Nov 16 06:13:18 UTC 2025
Commit made at Mon Nov 17 06:15:32 UTC 2025
Commit made at Tue Nov 18 06:14:34 UTC 2025
Commit made at Wed Nov 19 06:14:23 UTC 2025
Commit made at Thu Nov 20 06:14:00 UTC 2025
Commit made at Fri Nov 21 06:14:54 UTC 2025
Commit made at Sat Nov 22 06:12:37 UTC 2025
Commit made at Sun Nov 23 06:13:08 UTC 2025
Commit made at Mon Nov 24 06:15:40 UTC 2025
